estimation_id,region_id,simd_width,global_size,local_size,thread_count,time,speed_up,bounded_by
0,756,16,"(100,)","(16,)",7,0.015917952170588237,6.777229598624519,"Trip_Count, Latencies"
1,756,16,"(100,)","(32,)",7,0.015917952170588237,6.777229598624519,"Trip_Count, Latencies"
2,756,16,"(100,)","(64,)",7,0.015960882411672796,6.759000775615236,"Trip_Count, Latencies, L1_BW"
3,756,16,"(100,)","(128,)",7,0.016085097758639706,6.7068051570936325,"Trip_Count, Latencies, L1_BW"
4,756,32,"(100,)","(16,)",7,0.01599923727647059,6.7427974681426885,"Trip_Count, Latencies"
5,756,32,"(100,)","(32,)",4,0.015022760805882353,7.1810779652271615,"Trip_Count, Latencies"
6,756,32,"(100,)","(64,)",4,0.015022760805882353,7.1810779652271615,"Trip_Count, Latencies"
7,756,32,"(100,)","(128,)",4,0.01510862128805147,7.14026876067876,"Trip_Count, Latencies, L1_BW"
8,756,16,"(100,)","(16,)",7,0.015917952170588237,6.777229598624519,"Trip_Count, Latencies"
9,756,16,"(100,)","(32,)",7,0.015917952170588237,6.777229598624519,"Trip_Count, Latencies"
10,756,16,"(100,)","(64,)",7,0.015960882411672796,6.759000775615236,"Trip_Count, Latencies, L1_BW"
11,756,16,"(100,)","(128,)",7,0.016085097758639706,6.7068051570936325,"Trip_Count, Latencies, L1_BW"
12,756,32,"(100,)","(16,)",7,0.01599923727647059,6.7427974681426885,"Trip_Count, Latencies"
13,756,32,"(100,)","(32,)",4,0.015022760805882353,7.1810779652271615,"Trip_Count, Latencies"
14,756,32,"(100,)","(64,)",4,0.015022760805882353,7.1810779652271615,"Trip_Count, Latencies"
15,756,32,"(100,)","(128,)",4,0.01510862128805147,7.14026876067876,"Trip_Count, Latencies, L1_BW"
16,992,16,"(512,)","(16,)",32,0.00018704442325367647,160.3897057081082,Trip_Count
17,992,16,"(512, 512)","(1, 16)",16384,1.947466541963465e-05,1540.4629221385005,Compute
18,992,16,"(512,)","(32,)",32,0.00018704442325367647,160.3897057081082,Trip_Count
19,992,16,"(512, 512)","(1, 32)",16384,1.947466541963465e-05,1540.4629221385005,Compute
20,992,16,"(512,)","(64,)",32,0.00018704442325367647,160.3897057081082,Trip_Count
21,992,16,"(512, 512)","(1, 64)",16384,1.947466541963465e-05,1540.4629221385005,Compute
22,992,16,"(512,)","(128,)",32,0.00018704442325367647,160.3897057081082,Trip_Count
23,992,16,"(512, 512)","(1, 128)",16384,1.947466541963465e-05,1540.4629221385005,Compute
24,992,16,"(512,)","(256,)",32,0.00036894237591911764,81.31351115540284,Trip_Count
25,992,16,"(512, 512)","(1, 256)",16384,1.947466541963465e-05,1540.4629221385005,Compute
26,992,16,"(512,)","(512,)",32,0.00073273828125,40.9423129208182,Trip_Count
27,992,16,"(512, 512)","(1, 512)",16384,1.947466541963465e-05,1540.4629221385005,Compute
28,992,16,"(512, 512)","(2, 8)",16384,1.947466541963465e-05,1540.4629221385005,Compute
29,992,16,"(512, 512)","(2, 16)",16384,1.947466541963465e-05,1540.4629221385005,Compute
30,992,16,"(512, 512)","(2, 32)",16384,1.947466541963465e-05,1540.4629221385005,Compute
31,992,16,"(512, 512)","(2, 64)",16384,1.947466541963465e-05,1540.4629221385005,Compute
32,992,16,"(512, 512)","(2, 128)",16384,1.947466541963465e-05,1540.4629221385005,Compute
33,992,16,"(512, 512)","(2, 256)",16384,1.947466541963465e-05,1540.4629221385005,Compute
34,992,16,"(512, 512)","(4, 4)",16384,1.947466541963465e-05,1540.4629221385005,Compute
35,992,16,"(512, 512)","(4, 8)",16384,1.947466541963465e-05,1540.4629221385005,Compute
36,992,16,"(512, 512)","(4, 16)",16384,1.947466541963465e-05,1540.4629221385005,Compute
37,992,16,"(512, 512)","(4, 32)",16384,1.947466541963465e-05,1540.4629221385005,Compute
38,992,16,"(512, 512)","(4, 64)",16384,1.947466541963465e-05,1540.4629221385005,Compute
39,992,16,"(512, 512)","(4, 128)",16384,1.947466541963465e-05,1540.4629221385005,Compute
40,992,16,"(512, 512)","(8, 2)",16384,1.947466541963465e-05,1540.4629221385005,Compute
41,992,16,"(512, 512)","(8, 4)",16384,1.947466541963465e-05,1540.4629221385005,Compute
42,992,16,"(512, 512)","(8, 8)",16384,1.947466541963465e-05,1540.4629221385005,Compute
43,992,16,"(512, 512)","(8, 16)",16384,1.947466541963465e-05,1540.4629221385005,Compute
44,992,16,"(512, 512)","(8, 32)",16384,1.947466541963465e-05,1540.4629221385005,Compute
45,992,16,"(512, 512)","(8, 64)",16384,1.947466541963465e-05,1540.4629221385005,Compute
46,992,16,"(512, 512)","(16, 1)",16384,1.947466541963465e-05,1540.4629221385005,Compute
47,992,16,"(512, 512)","(16, 2)",16384,1.947466541963465e-05,1540.4629221385005,Compute
48,992,16,"(512, 512)","(16, 4)",16384,1.947466541963465e-05,1540.4629221385005,Compute
49,992,16,"(512, 512)","(16, 8)",16384,1.947466541963465e-05,1540.4629221385005,Compute
50,992,16,"(512, 512)","(16, 16)",16384,1.947466541963465e-05,1540.4629221385005,Compute
51,992,16,"(512, 512)","(16, 32)",16384,1.947466541963465e-05,1540.4629221385005,Compute
52,992,16,"(512, 512)","(32, 1)",16384,1.947466541963465e-05,1540.4629221385005,Compute
53,992,16,"(512, 512)","(32, 2)",16384,1.947466541963465e-05,1540.4629221385005,Compute
54,992,16,"(512, 512)","(32, 4)",16384,1.947466541963465e-05,1540.4629221385005,Compute
55,992,16,"(512, 512)","(32, 8)",16384,1.947466541963465e-05,1540.4629221385005,Compute
56,992,16,"(512, 512)","(32, 16)",16384,1.947466541963465e-05,1540.4629221385005,Compute
57,992,16,"(512, 512)","(64, 1)",16384,1.947466541963465e-05,1540.4629221385005,Compute
58,992,16,"(512, 512)","(64, 2)",16384,1.947466541963465e-05,1540.4629221385005,Compute
59,992,16,"(512, 512)","(64, 4)",16384,1.947466541963465e-05,1540.4629221385005,Compute
60,992,16,"(512, 512)","(64, 8)",16384,1.947466541963465e-05,1540.4629221385005,Compute
61,992,16,"(512, 512)","(128, 1)",16384,1.947466541963465e-05,1540.4629221385005,Compute
62,992,16,"(512, 512)","(128, 2)",16384,1.947466541963465e-05,1540.4629221385005,Compute
63,992,16,"(512, 512)","(128, 4)",16384,1.947466541963465e-05,1540.4629221385005,Compute
64,992,16,"(512, 512)","(256, 1)",16384,1.947466541963465e-05,1540.4629221385005,Compute
65,992,16,"(512, 512)","(256, 2)",16384,1.947466541963465e-05,1540.4629221385005,Compute
66,992,16,"(512, 512)","(512, 1)",16384,1.947466541963465e-05,1540.4629221385005,Compute
67,992,32,"(512,)","(16,)",32,0.00036894237591911764,81.31351115540284,Trip_Count
68,992,32,"(512, 512)","(1, 16)",16384,3.380286025103401e-05,887.4988618480094,Compute
69,992,32,"(512,)","(32,)",16,0.00036894237591911764,81.31351115540284,Trip_Count
70,992,32,"(512, 512)","(1, 32)",8192,2.2340304385914524e-05,1342.8644248426124,Compute
71,992,32,"(512,)","(64,)",16,0.00036894237591911764,81.31351115540284,Trip_Count
72,992,32,"(512, 512)","(1, 64)",8192,2.2340304385914524e-05,1342.8644248426124,Compute
73,992,32,"(512,)","(128,)",16,0.00036894237591911764,81.31351115540284,Trip_Count
74,992,32,"(512, 512)","(1, 128)",8192,2.2340304385914524e-05,1342.8644248426124,Compute
75,992,32,"(512,)","(256,)",16,0.00036894237591911764,81.31351115540284,Trip_Count
76,992,32,"(512, 512)","(1, 256)",8192,2.2340304385914524e-05,1342.8644248426124,Compute
77,992,32,"(512,)","(512,)",16,0.00073273828125,40.9423129208182,Trip_Count
78,992,32,"(512, 512)","(1, 512)",8192,2.2340304385914524e-05,1342.8644248426124,Compute
79,992,32,"(512, 512)","(2, 8)",16384,3.380286025103401e-05,887.4988618480094,Compute
80,992,32,"(512, 512)","(2, 16)",8192,2.2340304385914524e-05,1342.8644248426124,Compute
81,992,32,"(512, 512)","(2, 32)",8192,2.2340304385914524e-05,1342.8644248426124,Compute
82,992,32,"(512, 512)","(2, 64)",8192,2.2340304385914524e-05,1342.8644248426124,Compute
83,992,32,"(512, 512)","(2, 128)",8192,2.2340304385914524e-05,1342.8644248426124,Compute
84,992,32,"(512, 512)","(2, 256)",8192,2.2340304385914524e-05,1342.8644248426124,Compute
85,992,32,"(512, 512)","(4, 4)",16384,3.380286025103401e-05,887.4988618480094,Compute
86,992,32,"(512, 512)","(4, 8)",8192,2.2340304385914524e-05,1342.8644248426124,Compute
87,992,32,"(512, 512)","(4, 16)",8192,2.2340304385914524e-05,1342.8644248426124,Compute
88,992,32,"(512, 512)","(4, 32)",8192,2.2340304385914524e-05,1342.8644248426124,Compute
89,992,32,"(512, 512)","(4, 64)",8192,2.2340304385914524e-05,1342.8644248426124,Compute
90,992,32,"(512, 512)","(4, 128)",8192,2.2340304385914524e-05,1342.8644248426124,Compute
91,992,32,"(512, 512)","(8, 2)",16384,3.380286025103401e-05,887.4988618480094,Compute
92,992,32,"(512, 512)","(8, 4)",8192,2.2340304385914524e-05,1342.8644248426124,Compute
93,992,32,"(512, 512)","(8, 8)",8192,2.2340304385914524e-05,1342.8644248426124,Compute
94,992,32,"(512, 512)","(8, 16)",8192,2.2340304385914524e-05,1342.8644248426124,Compute
95,992,32,"(512, 512)","(8, 32)",8192,2.2340304385914524e-05,1342.8644248426124,Compute
96,992,32,"(512, 512)","(8, 64)",8192,2.2340304385914524e-05,1342.8644248426124,Compute
97,992,32,"(512, 512)","(16, 1)",16384,3.380286025103401e-05,887.4988618480094,Compute
98,992,32,"(512, 512)","(16, 2)",8192,2.2340304385914524e-05,1342.8644248426124,Compute
99,992,32,"(512, 512)","(16, 4)",8192,2.2340304385914524e-05,1342.8644248426124,Compute
100,992,32,"(512, 512)","(16, 8)",8192,2.2340304385914524e-05,1342.8644248426124,Compute
101,992,32,"(512, 512)","(16, 16)",8192,2.2340304385914524e-05,1342.8644248426124,Compute
102,992,32,"(512, 512)","(16, 32)",8192,2.2340304385914524e-05,1342.8644248426124,Compute
103,992,32,"(512, 512)","(32, 1)",8192,2.2340304385914524e-05,1342.8644248426124,Compute
104,992,32,"(512, 512)","(32, 2)",8192,2.2340304385914524e-05,1342.8644248426124,Compute
105,992,32,"(512, 512)","(32, 4)",8192,2.2340304385914524e-05,1342.8644248426124,Compute
106,992,32,"(512, 512)","(32, 8)",8192,2.2340304385914524e-05,1342.8644248426124,Compute
107,992,32,"(512, 512)","(32, 16)",8192,2.2340304385914524e-05,1342.8644248426124,Compute
108,992,32,"(512, 512)","(64, 1)",8192,2.2340304385914524e-05,1342.8644248426124,Compute
109,992,32,"(512, 512)","(64, 2)",8192,2.2340304385914524e-05,1342.8644248426124,Compute
110,992,32,"(512, 512)","(64, 4)",8192,2.2340304385914524e-05,1342.8644248426124,Compute
111,992,32,"(512, 512)","(64, 8)",8192,2.2340304385914524e-05,1342.8644248426124,Compute
112,992,32,"(512, 512)","(128, 1)",8192,2.2340304385914524e-05,1342.8644248426124,Compute
113,992,32,"(512, 512)","(128, 2)",8192,2.2340304385914524e-05,1342.8644248426124,Compute
114,992,32,"(512, 512)","(128, 4)",8192,2.2340304385914524e-05,1342.8644248426124,Compute
115,992,32,"(512, 512)","(256, 1)",8192,2.2340304385914524e-05,1342.8644248426124,Compute
116,992,32,"(512, 512)","(256, 2)",8192,2.2340304385914524e-05,1342.8644248426124,Compute
117,992,32,"(512, 512)","(512, 1)",8192,2.2340304385914524e-05,1342.8644248426124,Compute
118,992,16,"(512,)","(16,)",32,0.00018704442325367647,160.3897057081082,Trip_Count
119,992,16,"(512, 512)","(1, 16)",16384,1.947466541963465e-05,1540.4629221385005,Compute
120,992,16,"(512,)","(32,)",32,0.00018704442325367647,160.3897057081082,Trip_Count
121,992,16,"(512, 512)","(1, 32)",16384,1.947466541963465e-05,1540.4629221385005,Compute
122,992,16,"(512,)","(64,)",32,0.00018704442325367647,160.3897057081082,Trip_Count
123,992,16,"(512, 512)","(1, 64)",16384,1.947466541963465e-05,1540.4629221385005,Compute
124,992,16,"(512,)","(128,)",32,0.00018704442325367647,160.3897057081082,Trip_Count
125,992,16,"(512, 512)","(1, 128)",16384,1.947466541963465e-05,1540.4629221385005,Compute
126,992,16,"(512,)","(256,)",32,0.00036894237591911764,81.31351115540284,Trip_Count
127,992,16,"(512, 512)","(1, 256)",16384,1.947466541963465e-05,1540.4629221385005,Compute
128,992,16,"(512,)","(512,)",32,0.00073273828125,40.9423129208182,Trip_Count
129,992,16,"(512, 512)","(1, 512)",16384,1.947466541963465e-05,1540.4629221385005,Compute
130,992,16,"(512, 512)","(2, 8)",16384,1.947466541963465e-05,1540.4629221385005,Compute
131,992,16,"(512, 512)","(2, 16)",16384,1.947466541963465e-05,1540.4629221385005,Compute
132,992,16,"(512, 512)","(2, 32)",16384,1.947466541963465e-05,1540.4629221385005,Compute
133,992,16,"(512, 512)","(2, 64)",16384,1.947466541963465e-05,1540.4629221385005,Compute
134,992,16,"(512, 512)","(2, 128)",16384,1.947466541963465e-05,1540.4629221385005,Compute
135,992,16,"(512, 512)","(2, 256)",16384,1.947466541963465e-05,1540.4629221385005,Compute
136,992,16,"(512, 512)","(4, 4)",16384,1.947466541963465e-05,1540.4629221385005,Compute
137,992,16,"(512, 512)","(4, 8)",16384,1.947466541963465e-05,1540.4629221385005,Compute
138,992,16,"(512, 512)","(4, 16)",16384,1.947466541963465e-05,1540.4629221385005,Compute
139,992,16,"(512, 512)","(4, 32)",16384,1.947466541963465e-05,1540.4629221385005,Compute
140,992,16,"(512, 512)","(4, 64)",16384,1.947466541963465e-05,1540.4629221385005,Compute
141,992,16,"(512, 512)","(4, 128)",16384,1.947466541963465e-05,1540.4629221385005,Compute
142,992,16,"(512, 512)","(8, 2)",16384,1.947466541963465e-05,1540.4629221385005,Compute
143,992,16,"(512, 512)","(8, 4)",16384,1.947466541963465e-05,1540.4629221385005,Compute
144,992,16,"(512, 512)","(8, 8)",16384,1.947466541963465e-05,1540.4629221385005,Compute
145,992,16,"(512, 512)","(8, 16)",16384,1.947466541963465e-05,1540.4629221385005,Compute
146,992,16,"(512, 512)","(8, 32)",16384,1.947466541963465e-05,1540.4629221385005,Compute
147,992,16,"(512, 512)","(8, 64)",16384,1.947466541963465e-05,1540.4629221385005,Compute
148,992,16,"(512, 512)","(16, 1)",16384,1.947466541963465e-05,1540.4629221385005,Compute
149,992,16,"(512, 512)","(16, 2)",16384,1.947466541963465e-05,1540.4629221385005,Compute
150,992,16,"(512, 512)","(16, 4)",16384,1.947466541963465e-05,1540.4629221385005,Compute
151,992,16,"(512, 512)","(16, 8)",16384,1.947466541963465e-05,1540.4629221385005,Compute
152,992,16,"(512, 512)","(16, 16)",16384,1.947466541963465e-05,1540.4629221385005,Compute
153,992,16,"(512, 512)","(16, 32)",16384,1.947466541963465e-05,1540.4629221385005,Compute
154,992,16,"(512, 512)","(32, 1)",16384,1.947466541963465e-05,1540.4629221385005,Compute
155,992,16,"(512, 512)","(32, 2)",16384,1.947466541963465e-05,1540.4629221385005,Compute
156,992,16,"(512, 512)","(32, 4)",16384,1.947466541963465e-05,1540.4629221385005,Compute
157,992,16,"(512, 512)","(32, 8)",16384,1.947466541963465e-05,1540.4629221385005,Compute
158,992,16,"(512, 512)","(32, 16)",16384,1.947466541963465e-05,1540.4629221385005,Compute
159,992,16,"(512, 512)","(64, 1)",16384,1.947466541963465e-05,1540.4629221385005,Compute
160,992,16,"(512, 512)","(64, 2)",16384,1.947466541963465e-05,1540.4629221385005,Compute
161,992,16,"(512, 512)","(64, 4)",16384,1.947466541963465e-05,1540.4629221385005,Compute
162,992,16,"(512, 512)","(64, 8)",16384,1.947466541963465e-05,1540.4629221385005,Compute
163,992,16,"(512, 512)","(128, 1)",16384,1.947466541963465e-05,1540.4629221385005,Compute
164,992,16,"(512, 512)","(128, 2)",16384,1.947466541963465e-05,1540.4629221385005,Compute
165,992,16,"(512, 512)","(128, 4)",16384,1.947466541963465e-05,1540.4629221385005,Compute
166,992,16,"(512, 512)","(256, 1)",16384,1.947466541963465e-05,1540.4629221385005,Compute
167,992,16,"(512, 512)","(256, 2)",16384,1.947466541963465e-05,1540.4629221385005,Compute
168,992,16,"(512, 512)","(512, 1)",16384,1.947466541963465e-05,1540.4629221385005,Compute
169,992,32,"(512,)","(16,)",32,0.00036894237591911764,81.31351115540284,Trip_Count
170,992,32,"(512, 512)","(1, 16)",16384,3.380286025103401e-05,887.4988618480094,Compute
171,992,32,"(512,)","(32,)",16,0.00036894237591911764,81.31351115540284,Trip_Count
172,992,32,"(512, 512)","(1, 32)",8192,2.2340304385914524e-05,1342.8644248426124,Compute
173,992,32,"(512,)","(64,)",16,0.00036894237591911764,81.31351115540284,Trip_Count
174,992,32,"(512, 512)","(1, 64)",8192,2.2340304385914524e-05,1342.8644248426124,Compute
175,992,32,"(512,)","(128,)",16,0.00036894237591911764,81.31351115540284,Trip_Count
176,992,32,"(512, 512)","(1, 128)",8192,2.2340304385914524e-05,1342.8644248426124,Compute
177,992,32,"(512,)","(256,)",16,0.00036894237591911764,81.31351115540284,Trip_Count
178,992,32,"(512, 512)","(1, 256)",8192,2.2340304385914524e-05,1342.8644248426124,Compute
179,992,32,"(512,)","(512,)",16,0.00073273828125,40.9423129208182,Trip_Count
180,992,32,"(512, 512)","(1, 512)",8192,2.2340304385914524e-05,1342.8644248426124,Compute
181,992,32,"(512, 512)","(2, 8)",16384,3.380286025103401e-05,887.4988618480094,Compute
182,992,32,"(512, 512)","(2, 16)",8192,2.2340304385914524e-05,1342.8644248426124,Compute
183,992,32,"(512, 512)","(2, 32)",8192,2.2340304385914524e-05,1342.8644248426124,Compute
184,992,32,"(512, 512)","(2, 64)",8192,2.2340304385914524e-05,1342.8644248426124,Compute
185,992,32,"(512, 512)","(2, 128)",8192,2.2340304385914524e-05,1342.8644248426124,Compute
186,992,32,"(512, 512)","(2, 256)",8192,2.2340304385914524e-05,1342.8644248426124,Compute
187,992,32,"(512, 512)","(4, 4)",16384,3.380286025103401e-05,887.4988618480094,Compute
188,992,32,"(512, 512)","(4, 8)",8192,2.2340304385914524e-05,1342.8644248426124,Compute
189,992,32,"(512, 512)","(4, 16)",8192,2.2340304385914524e-05,1342.8644248426124,Compute
190,992,32,"(512, 512)","(4, 32)",8192,2.2340304385914524e-05,1342.8644248426124,Compute
191,992,32,"(512, 512)","(4, 64)",8192,2.2340304385914524e-05,1342.8644248426124,Compute
192,992,32,"(512, 512)","(4, 128)",8192,2.2340304385914524e-05,1342.8644248426124,Compute
193,992,32,"(512, 512)","(8, 2)",16384,3.380286025103401e-05,887.4988618480094,Compute
194,992,32,"(512, 512)","(8, 4)",8192,2.2340304385914524e-05,1342.8644248426124,Compute
195,992,32,"(512, 512)","(8, 8)",8192,2.2340304385914524e-05,1342.8644248426124,Compute
196,992,32,"(512, 512)","(8, 16)",8192,2.2340304385914524e-05,1342.8644248426124,Compute
197,992,32,"(512, 512)","(8, 32)",8192,2.2340304385914524e-05,1342.8644248426124,Compute
198,992,32,"(512, 512)","(8, 64)",8192,2.2340304385914524e-05,1342.8644248426124,Compute
199,992,32,"(512, 512)","(16, 1)",16384,3.380286025103401e-05,887.4988618480094,Compute
200,992,32,"(512, 512)","(16, 2)",8192,2.2340304385914524e-05,1342.8644248426124,Compute
201,992,32,"(512, 512)","(16, 4)",8192,2.2340304385914524e-05,1342.8644248426124,Compute
202,992,32,"(512, 512)","(16, 8)",8192,2.2340304385914524e-05,1342.8644248426124,Compute
203,992,32,"(512, 512)","(16, 16)",8192,2.2340304385914524e-05,1342.8644248426124,Compute
204,992,32,"(512, 512)","(16, 32)",8192,2.2340304385914524e-05,1342.8644248426124,Compute
205,992,32,"(512, 512)","(32, 1)",8192,2.2340304385914524e-05,1342.8644248426124,Compute
206,992,32,"(512, 512)","(32, 2)",8192,2.2340304385914524e-05,1342.8644248426124,Compute
207,992,32,"(512, 512)","(32, 4)",8192,2.2340304385914524e-05,1342.8644248426124,Compute
208,992,32,"(512, 512)","(32, 8)",8192,2.2340304385914524e-05,1342.8644248426124,Compute
209,992,32,"(512, 512)","(32, 16)",8192,2.2340304385914524e-05,1342.8644248426124,Compute
210,992,32,"(512, 512)","(64, 1)",8192,2.2340304385914524e-05,1342.8644248426124,Compute
211,992,32,"(512, 512)","(64, 2)",8192,2.2340304385914524e-05,1342.8644248426124,Compute
212,992,32,"(512, 512)","(64, 4)",8192,2.2340304385914524e-05,1342.8644248426124,Compute
213,992,32,"(512, 512)","(64, 8)",8192,2.2340304385914524e-05,1342.8644248426124,Compute
214,992,32,"(512, 512)","(128, 1)",8192,2.2340304385914524e-05,1342.8644248426124,Compute
215,992,32,"(512, 512)","(128, 2)",8192,2.2340304385914524e-05,1342.8644248426124,Compute
216,992,32,"(512, 512)","(128, 4)",8192,2.2340304385914524e-05,1342.8644248426124,Compute
217,992,32,"(512, 512)","(256, 1)",8192,2.2340304385914524e-05,1342.8644248426124,Compute
218,992,32,"(512, 512)","(256, 2)",8192,2.2340304385914524e-05,1342.8644248426124,Compute
219,992,32,"(512, 512)","(512, 1)",8192,2.2340304385914524e-05,1342.8644248426124,Compute
220,993,16,"(512,)","(16,)",32,0.002758545599724265,10.875296026644873,"Launch_Tax, Trip_Count"
221,993,16,"(512,)","(32,)",32,0.002758545599724265,10.875296026644873,"Launch_Tax, Trip_Count"
222,993,16,"(512,)","(64,)",32,0.002758545599724265,10.875296026644873,"Launch_Tax, Trip_Count"
223,993,16,"(512,)","(128,)",32,0.002758545599724265,10.875296026644873,"Launch_Tax, Trip_Count"
224,993,16,"(512,)","(256,)",32,0.0029404406112132353,10.202552598952815,"Launch_Tax, Trip_Count"
225,993,16,"(512,)","(512,)",32,0.0033042306341911766,9.07926937350229,"Launch_Tax, Trip_Count"
226,993,32,"(512,)","(16,)",32,0.0029404406112132353,10.202552598952815,"Launch_Tax, Trip_Count"
227,993,32,"(512,)","(32,)",16,0.0029404406112132353,10.202552598952815,"Launch_Tax, Trip_Count"
228,993,32,"(512,)","(64,)",16,0.0029404406112132353,10.202552598952815,"Launch_Tax, Trip_Count"
229,993,32,"(512,)","(128,)",16,0.0029404406112132353,10.202552598952815,"Launch_Tax, Trip_Count"
230,993,32,"(512,)","(256,)",16,0.0029404406112132353,10.202552598952815,"Launch_Tax, Trip_Count"
231,993,32,"(512,)","(512,)",16,0.0033042306341911766,9.07926937350229,"Launch_Tax, Trip_Count"
232,993,16,"(512,)","(16,)",32,0.002758545599724265,10.875296026644873,"Launch_Tax, Trip_Count"
233,993,16,"(512,)","(32,)",32,0.002758545599724265,10.875296026644873,"Launch_Tax, Trip_Count"
234,993,16,"(512,)","(64,)",32,0.002758545599724265,10.875296026644873,"Launch_Tax, Trip_Count"
235,993,16,"(512,)","(128,)",32,0.002758545599724265,10.875296026644873,"Launch_Tax, Trip_Count"
236,993,16,"(512,)","(256,)",32,0.0029404406112132353,10.202552598952815,"Launch_Tax, Trip_Count"
237,993,16,"(512,)","(512,)",32,0.0033042306341911766,9.07926937350229,"Launch_Tax, Trip_Count"
238,993,32,"(512,)","(16,)",32,0.0029404406112132353,10.202552598952815,"Launch_Tax, Trip_Count"
239,993,32,"(512,)","(32,)",16,0.0029404406112132353,10.202552598952815,"Launch_Tax, Trip_Count"
240,993,32,"(512,)","(64,)",16,0.0029404406112132353,10.202552598952815,"Launch_Tax, Trip_Count"
241,993,32,"(512,)","(128,)",16,0.0029404406112132353,10.202552598952815,"Launch_Tax, Trip_Count"
242,993,32,"(512,)","(256,)",16,0.0029404406112132353,10.202552598952815,"Launch_Tax, Trip_Count"
243,993,32,"(512,)","(512,)",16,0.0033042306341911766,9.07926937350229,"Launch_Tax, Trip_Count"
244,995,16,"(89,)","(16,)",6,1.320242297647059,0.022723101701457468,"Launch_Tax, Trip_Count, Latencies"
245,995,16,"(89,)","(32,)",6,1.320242297647059,0.022723101701457468,"Launch_Tax, Trip_Count, Latencies"
246,995,16,"(89,)","(64,)",6,1.320242297647059,0.022723101701457468,"Launch_Tax, Trip_Count, Latencies"
247,995,16,"(89,)","(128,)",6,1.320242297647059,0.022723101701457468,"Launch_Tax, Trip_Count, Latencies"
248,995,32,"(89,)","(16,)",6,1.3212831635294118,0.02270520114693961,"Launch_Tax, Trip_Count, Latencies"
249,995,32,"(89,)","(32,)",3,1.3212831635294118,0.02270520114693961,"Launch_Tax, Trip_Count, Latencies"
250,995,32,"(89,)","(64,)",3,1.3212831635294118,0.02270520114693961,"Launch_Tax, Trip_Count, Latencies"
251,995,32,"(89,)","(128,)",3,1.3212831635294118,0.02270520114693961,"Launch_Tax, Trip_Count, Latencies"
252,995,16,"(89,)","(16,)",6,1.320242297647059,0.022723101701457468,"Launch_Tax, Trip_Count, Latencies"
253,995,16,"(89,)","(32,)",6,1.320242297647059,0.022723101701457468,"Launch_Tax, Trip_Count, Latencies"
254,995,16,"(89,)","(64,)",6,1.320242297647059,0.022723101701457468,"Launch_Tax, Trip_Count, Latencies"
255,995,16,"(89,)","(128,)",6,1.320242297647059,0.022723101701457468,"Launch_Tax, Trip_Count, Latencies"
256,995,32,"(89,)","(16,)",6,1.3212831635294118,0.02270520114693961,"Launch_Tax, Trip_Count, Latencies"
257,995,32,"(89,)","(32,)",3,1.3212831635294118,0.02270520114693961,"Launch_Tax, Trip_Count, Latencies"
258,995,32,"(89,)","(64,)",3,1.3212831635294118,0.02270520114693961,"Launch_Tax, Trip_Count, Latencies"
259,995,32,"(89,)","(128,)",3,1.3212831635294118,0.02270520114693961,"Launch_Tax, Trip_Count, Latencies"
260,983,16,"(512,)","(16,)",32,0.0002587262580422794,46.351831819251494,"Trip_Count, Latencies"
261,983,16,"(512, 192)","(1, 16)",6144,1.9822384248621326e-05,604.9946287785281,"Latencies, Compute"
262,983,16,"(512,)","(32,)",32,0.0002587262580422794,46.351831819251494,"Trip_Count, Latencies"
263,983,16,"(512, 192)","(1, 32)",6144,1.9822384248621326e-05,604.9946287785281,"Latencies, Compute"
264,983,16,"(512,)","(64,)",32,0.0002587262580422794,46.351831819251494,"Trip_Count, Latencies"
265,983,16,"(512, 192)","(1, 64)",6144,1.9822384248621326e-05,604.9946287785281,"Latencies, Compute"
266,983,16,"(512,)","(128,)",32,0.0002587262580422794,46.351831819251494,"Trip_Count, Latencies"
267,983,16,"(512, 192)","(1, 128)",6144,1.9822384248621326e-05,604.9946287785281,"Latencies, Compute"
268,983,16,"(512,)","(256,)",32,0.0002721607513786765,44.06379663213847,"Trip_Count, Latencies"
269,983,16,"(512, 192)","(1, 256)",6144,1.9822384248621326e-05,604.9946287785281,"Latencies, Compute"
270,983,16,"(512,)","(512,)",32,0.0002990297380514706,40.10449287801536,"Trip_Count, Latencies"
271,983,16,"(512, 192)","(2, 8)",6144,1.9822384248621326e-05,604.9946287785281,"Latencies, Compute"
272,983,16,"(512, 192)","(2, 16)",6144,1.9822384248621326e-05,604.9946287785281,"Latencies, Compute"
273,983,16,"(512, 192)","(2, 32)",6144,1.9822384248621326e-05,604.9946287785281,"Latencies, Compute"
274,983,16,"(512, 192)","(2, 64)",6144,1.9822384248621326e-05,604.9946287785281,"Latencies, Compute"
275,983,16,"(512, 192)","(2, 128)",6144,1.9822384248621326e-05,604.9946287785281,"Latencies, Compute"
276,983,16,"(512, 192)","(2, 256)",6144,1.9822384248621326e-05,604.9946287785281,"Latencies, Compute"
277,983,16,"(512, 192)","(4, 4)",6144,1.9822384248621326e-05,604.9946287785281,"Latencies, Compute"
278,983,16,"(512, 192)","(4, 8)",6144,1.9822384248621326e-05,604.9946287785281,"Latencies, Compute"
279,983,16,"(512, 192)","(4, 16)",6144,1.9822384248621326e-05,604.9946287785281,"Latencies, Compute"
280,983,16,"(512, 192)","(4, 32)",6144,1.9822384248621326e-05,604.9946287785281,"Latencies, Compute"
281,983,16,"(512, 192)","(4, 64)",6144,1.9822384248621326e-05,604.9946287785281,"Latencies, Compute"
282,983,16,"(512, 192)","(4, 128)",6144,1.9822384248621326e-05,604.9946287785281,"Latencies, Compute"
283,983,16,"(512, 192)","(8, 2)",6144,1.9822384248621326e-05,604.9946287785281,"Latencies, Compute"
284,983,16,"(512, 192)","(8, 4)",6144,1.9822384248621326e-05,604.9946287785281,"Latencies, Compute"
285,983,16,"(512, 192)","(8, 8)",6144,1.9822384248621326e-05,604.9946287785281,"Latencies, Compute"
286,983,16,"(512, 192)","(8, 16)",6144,1.9822384248621326e-05,604.9946287785281,"Latencies, Compute"
287,983,16,"(512, 192)","(8, 32)",6144,1.9822384248621326e-05,604.9946287785281,"Latencies, Compute"
288,983,16,"(512, 192)","(8, 64)",6144,1.9822384248621326e-05,604.9946287785281,"Latencies, Compute"
289,983,16,"(512, 192)","(16, 1)",6144,1.9822384248621326e-05,604.9946287785281,"Latencies, Compute"
290,983,16,"(512, 192)","(16, 2)",6144,1.9822384248621326e-05,604.9946287785281,"Latencies, Compute"
291,983,16,"(512, 192)","(16, 4)",6144,1.9822384248621326e-05,604.9946287785281,"Latencies, Compute"
292,983,16,"(512, 192)","(16, 8)",6144,1.9822384248621326e-05,604.9946287785281,"Latencies, Compute"
293,983,16,"(512, 192)","(16, 16)",6144,1.9822384248621326e-05,604.9946287785281,"Latencies, Compute"
294,983,16,"(512, 192)","(16, 32)",6144,1.9822384248621326e-05,604.9946287785281,"Latencies, Compute"
295,983,16,"(512, 192)","(32, 1)",6144,1.9822384248621326e-05,604.9946287785281,"Latencies, Compute"
296,983,16,"(512, 192)","(32, 2)",6144,1.9822384248621326e-05,604.9946287785281,"Latencies, Compute"
297,983,16,"(512, 192)","(32, 4)",6144,1.9822384248621326e-05,604.9946287785281,"Latencies, Compute"
298,983,16,"(512, 192)","(32, 8)",6144,1.9822384248621326e-05,604.9946287785281,"Latencies, Compute"
299,983,16,"(512, 192)","(32, 16)",6144,1.9822384248621326e-05,604.9946287785281,"Latencies, Compute"
300,983,16,"(512, 192)","(64, 1)",6144,1.9822384248621326e-05,604.9946287785281,"Latencies, Compute"
301,983,16,"(512, 192)","(64, 2)",6144,1.9822384248621326e-05,604.9946287785281,"Latencies, Compute"
302,983,16,"(512, 192)","(64, 4)",6144,1.9822384248621326e-05,604.9946287785281,"Latencies, Compute"
303,983,16,"(512, 192)","(64, 8)",6144,1.9822384248621326e-05,604.9946287785281,"Latencies, Compute"
304,983,16,"(512, 192)","(128, 1)",6144,1.9822384248621326e-05,604.9946287785281,"Latencies, Compute"
305,983,16,"(512, 192)","(128, 2)",6144,1.9822384248621326e-05,604.9946287785281,"Latencies, Compute"
306,983,16,"(512, 192)","(128, 4)",6144,1.9822384248621326e-05,604.9946287785281,"Latencies, Compute"
307,983,16,"(512, 192)","(256, 1)",6144,1.9822384248621326e-05,604.9946287785281,"Latencies, Compute"
308,983,16,"(512, 192)","(256, 2)",6144,1.9822384248621326e-05,604.9946287785281,"Latencies, Compute"
309,983,16,"(512, 192)","(512, 1)",6144,1.9822384248621326e-05,604.9946287785281,"Latencies, Compute"
310,983,32,"(512,)","(16,)",32,0.0002721607513786765,44.06379663213847,"Trip_Count, Latencies"
311,983,32,"(512, 192)","(1, 16)",6144,2.1600062614889703e-05,555.2037609248957,"Latencies, Compute"
312,983,32,"(512,)","(32,)",16,0.0002721607513786765,44.06379663213847,"Trip_Count, Latencies"
313,983,32,"(512, 192)","(1, 32)",3072,1.3356056805778952e-05,897.9024403977577,"Latencies, Compute"
314,983,32,"(512,)","(64,)",16,0.0002721607513786765,44.06379663213847,"Trip_Count, Latencies"
315,983,32,"(512, 192)","(1, 64)",3072,1.3356056805778952e-05,897.9024403977577,"Latencies, Compute"
316,983,32,"(512,)","(128,)",16,0.0002721607513786765,44.06379663213847,"Trip_Count, Latencies"
317,983,32,"(512, 192)","(1, 128)",3072,1.3356056805778952e-05,897.9024403977577,"Latencies, Compute"
318,983,32,"(512,)","(256,)",16,0.0002721607513786765,44.06379663213847,"Trip_Count, Latencies"
319,983,32,"(512, 192)","(1, 256)",3072,1.35782666015625e-05,883.2081702254976,"Latencies, Compute"
320,983,32,"(512,)","(512,)",16,0.0002990297380514706,40.10449287801536,"Trip_Count, Latencies"
321,983,32,"(512, 192)","(2, 8)",6144,2.1600062614889703e-05,555.2037609248957,"Latencies, Compute"
322,983,32,"(512, 192)","(2, 16)",3072,1.3356056805778952e-05,897.9024403977577,"Latencies, Compute"
323,983,32,"(512, 192)","(2, 32)",3072,1.3356056805778952e-05,897.9024403977577,"Latencies, Compute"
324,983,32,"(512, 192)","(2, 64)",3072,1.3356056805778952e-05,897.9024403977577,"Latencies, Compute"
325,983,32,"(512, 192)","(2, 128)",3072,1.3356056805778952e-05,897.9024403977577,"Latencies, Compute"
326,983,32,"(512, 192)","(2, 256)",3072,1.35782666015625e-05,883.2081702254976,"Latencies, Compute"
327,983,32,"(512, 192)","(4, 4)",6144,2.1600062614889703e-05,555.2037609248957,"Latencies, Compute"
328,983,32,"(512, 192)","(4, 8)",3072,1.3356056805778952e-05,897.9024403977577,"Latencies, Compute"
329,983,32,"(512, 192)","(4, 16)",3072,1.3356056805778952e-05,897.9024403977577,"Latencies, Compute"
330,983,32,"(512, 192)","(4, 32)",3072,1.3356056805778952e-05,897.9024403977577,"Latencies, Compute"
331,983,32,"(512, 192)","(4, 64)",3072,1.3356056805778952e-05,897.9024403977577,"Latencies, Compute"
332,983,32,"(512, 192)","(4, 128)",3072,1.3356056805778952e-05,897.9024403977577,"Latencies, Compute"
333,983,32,"(512, 192)","(8, 2)",6144,2.1600062614889703e-05,555.2037609248957,"Latencies, Compute"
334,983,32,"(512, 192)","(8, 4)",3072,1.3356056805778952e-05,897.9024403977577,"Latencies, Compute"
335,983,32,"(512, 192)","(8, 8)",3072,1.3356056805778952e-05,897.9024403977577,"Latencies, Compute"
336,983,32,"(512, 192)","(8, 16)",3072,1.3356056805778952e-05,897.9024403977577,"Latencies, Compute"
337,983,32,"(512, 192)","(8, 32)",3072,1.3356056805778952e-05,897.9024403977577,"Latencies, Compute"
338,983,32,"(512, 192)","(8, 64)",3072,1.35782666015625e-05,883.2081702254976,"Latencies, Compute"
339,983,32,"(512, 192)","(16, 1)",6144,2.1600062614889703e-05,555.2037609248957,"Latencies, Compute"
340,983,32,"(512, 192)","(16, 2)",3072,1.3356056805778952e-05,897.9024403977577,"Latencies, Compute"
341,983,32,"(512, 192)","(16, 4)",3072,1.3356056805778952e-05,897.9024403977577,"Latencies, Compute"
342,983,32,"(512, 192)","(16, 8)",3072,1.3356056805778952e-05,897.9024403977577,"Latencies, Compute"
343,983,32,"(512, 192)","(16, 16)",3072,1.3356056805778952e-05,897.9024403977577,"Latencies, Compute"
344,983,32,"(512, 192)","(16, 32)",3072,1.35782666015625e-05,883.2081702254976,"Latencies, Compute"
345,983,32,"(512, 192)","(32, 1)",3072,1.3356056805778952e-05,897.9024403977577,"Latencies, Compute"
346,983,32,"(512, 192)","(32, 2)",3072,1.3356056805778952e-05,897.9024403977577,"Latencies, Compute"
347,983,32,"(512, 192)","(32, 4)",3072,1.3356056805778952e-05,897.9024403977577,"Latencies, Compute"
348,983,32,"(512, 192)","(32, 8)",3072,1.3356056805778952e-05,897.9024403977577,"Latencies, Compute"
349,983,32,"(512, 192)","(32, 16)",3072,1.35782666015625e-05,883.2081702254976,"Latencies, Compute"
350,983,32,"(512, 192)","(64, 1)",3072,1.3356056805778952e-05,897.9024403977577,"Latencies, Compute"
351,983,32,"(512, 192)","(64, 2)",3072,1.3356056805778952e-05,897.9024403977577,"Latencies, Compute"
352,983,32,"(512, 192)","(64, 4)",3072,1.3356056805778952e-05,897.9024403977577,"Latencies, Compute"
353,983,32,"(512, 192)","(64, 8)",3072,1.35782666015625e-05,883.2081702254976,"Latencies, Compute"
354,983,32,"(512, 192)","(128, 1)",3072,1.3356056805778952e-05,897.9024403977577,"Latencies, Compute"
355,983,32,"(512, 192)","(128, 2)",3072,1.3356056805778952e-05,897.9024403977577,"Latencies, Compute"
356,983,32,"(512, 192)","(128, 4)",3072,1.35782666015625e-05,883.2081702254976,"Latencies, Compute"
357,983,32,"(512, 192)","(256, 1)",3072,1.3356056805778952e-05,897.9024403977577,"Latencies, Compute"
358,983,32,"(512, 192)","(256, 2)",3072,1.35782666015625e-05,883.2081702254976,"Latencies, Compute"
359,983,32,"(512, 192)","(512, 1)",3072,1.35782666015625e-05,883.2081702254976,"Latencies, Compute"
360,983,16,"(512,)","(16,)",32,0.0002587262580422794,46.351831819251494,"Trip_Count, Latencies"
361,983,16,"(512, 192)","(1, 16)",6144,1.9822384248621326e-05,604.9946287785281,"Latencies, Compute"
362,983,16,"(512,)","(32,)",32,0.0002587262580422794,46.351831819251494,"Trip_Count, Latencies"
363,983,16,"(512, 192)","(1, 32)",6144,1.9822384248621326e-05,604.9946287785281,"Latencies, Compute"
364,983,16,"(512,)","(64,)",32,0.0002587262580422794,46.351831819251494,"Trip_Count, Latencies"
365,983,16,"(512, 192)","(1, 64)",6144,1.9822384248621326e-05,604.9946287785281,"Latencies, Compute"
366,983,16,"(512,)","(128,)",32,0.0002587262580422794,46.351831819251494,"Trip_Count, Latencies"
367,983,16,"(512, 192)","(1, 128)",6144,1.9822384248621326e-05,604.9946287785281,"Latencies, Compute"
368,983,16,"(512,)","(256,)",32,0.0002721607513786765,44.06379663213847,"Trip_Count, Latencies"
369,983,16,"(512, 192)","(1, 256)",6144,1.9822384248621326e-05,604.9946287785281,"Latencies, Compute"
370,983,16,"(512,)","(512,)",32,0.0002990297380514706,40.10449287801536,"Trip_Count, Latencies"
371,983,16,"(512, 192)","(2, 8)",6144,1.9822384248621326e-05,604.9946287785281,"Latencies, Compute"
372,983,16,"(512, 192)","(2, 16)",6144,1.9822384248621326e-05,604.9946287785281,"Latencies, Compute"
373,983,16,"(512, 192)","(2, 32)",6144,1.9822384248621326e-05,604.9946287785281,"Latencies, Compute"
374,983,16,"(512, 192)","(2, 64)",6144,1.9822384248621326e-05,604.9946287785281,"Latencies, Compute"
375,983,16,"(512, 192)","(2, 128)",6144,1.9822384248621326e-05,604.9946287785281,"Latencies, Compute"
376,983,16,"(512, 192)","(2, 256)",6144,1.9822384248621326e-05,604.9946287785281,"Latencies, Compute"
377,983,16,"(512, 192)","(4, 4)",6144,1.9822384248621326e-05,604.9946287785281,"Latencies, Compute"
378,983,16,"(512, 192)","(4, 8)",6144,1.9822384248621326e-05,604.9946287785281,"Latencies, Compute"
379,983,16,"(512, 192)","(4, 16)",6144,1.9822384248621326e-05,604.9946287785281,"Latencies, Compute"
380,983,16,"(512, 192)","(4, 32)",6144,1.9822384248621326e-05,604.9946287785281,"Latencies, Compute"
381,983,16,"(512, 192)","(4, 64)",6144,1.9822384248621326e-05,604.9946287785281,"Latencies, Compute"
382,983,16,"(512, 192)","(4, 128)",6144,1.9822384248621326e-05,604.9946287785281,"Latencies, Compute"
383,983,16,"(512, 192)","(8, 2)",6144,1.9822384248621326e-05,604.9946287785281,"Latencies, Compute"
384,983,16,"(512, 192)","(8, 4)",6144,1.9822384248621326e-05,604.9946287785281,"Latencies, Compute"
385,983,16,"(512, 192)","(8, 8)",6144,1.9822384248621326e-05,604.9946287785281,"Latencies, Compute"
386,983,16,"(512, 192)","(8, 16)",6144,1.9822384248621326e-05,604.9946287785281,"Latencies, Compute"
387,983,16,"(512, 192)","(8, 32)",6144,1.9822384248621326e-05,604.9946287785281,"Latencies, Compute"
388,983,16,"(512, 192)","(8, 64)",6144,1.9822384248621326e-05,604.9946287785281,"Latencies, Compute"
389,983,16,"(512, 192)","(16, 1)",6144,1.9822384248621326e-05,604.9946287785281,"Latencies, Compute"
390,983,16,"(512, 192)","(16, 2)",6144,1.9822384248621326e-05,604.9946287785281,"Latencies, Compute"
391,983,16,"(512, 192)","(16, 4)",6144,1.9822384248621326e-05,604.9946287785281,"Latencies, Compute"
392,983,16,"(512, 192)","(16, 8)",6144,1.9822384248621326e-05,604.9946287785281,"Latencies, Compute"
393,983,16,"(512, 192)","(16, 16)",6144,1.9822384248621326e-05,604.9946287785281,"Latencies, Compute"
394,983,16,"(512, 192)","(16, 32)",6144,1.9822384248621326e-05,604.9946287785281,"Latencies, Compute"
395,983,16,"(512, 192)","(32, 1)",6144,1.9822384248621326e-05,604.9946287785281,"Latencies, Compute"
396,983,16,"(512, 192)","(32, 2)",6144,1.9822384248621326e-05,604.9946287785281,"Latencies, Compute"
397,983,16,"(512, 192)","(32, 4)",6144,1.9822384248621326e-05,604.9946287785281,"Latencies, Compute"
398,983,16,"(512, 192)","(32, 8)",6144,1.9822384248621326e-05,604.9946287785281,"Latencies, Compute"
399,983,16,"(512, 192)","(32, 16)",6144,1.9822384248621326e-05,604.9946287785281,"Latencies, Compute"
400,983,16,"(512, 192)","(64, 1)",6144,1.9822384248621326e-05,604.9946287785281,"Latencies, Compute"
401,983,16,"(512, 192)","(64, 2)",6144,1.9822384248621326e-05,604.9946287785281,"Latencies, Compute"
402,983,16,"(512, 192)","(64, 4)",6144,1.9822384248621326e-05,604.9946287785281,"Latencies, Compute"
403,983,16,"(512, 192)","(64, 8)",6144,1.9822384248621326e-05,604.9946287785281,"Latencies, Compute"
404,983,16,"(512, 192)","(128, 1)",6144,1.9822384248621326e-05,604.9946287785281,"Latencies, Compute"
405,983,16,"(512, 192)","(128, 2)",6144,1.9822384248621326e-05,604.9946287785281,"Latencies, Compute"
406,983,16,"(512, 192)","(128, 4)",6144,1.9822384248621326e-05,604.9946287785281,"Latencies, Compute"
407,983,16,"(512, 192)","(256, 1)",6144,1.9822384248621326e-05,604.9946287785281,"Latencies, Compute"
408,983,16,"(512, 192)","(256, 2)",6144,1.9822384248621326e-05,604.9946287785281,"Latencies, Compute"
409,983,16,"(512, 192)","(512, 1)",6144,1.9822384248621326e-05,604.9946287785281,"Latencies, Compute"
410,983,32,"(512,)","(16,)",32,0.0002721607513786765,44.06379663213847,"Trip_Count, Latencies"
411,983,32,"(512, 192)","(1, 16)",6144,2.1600062614889703e-05,555.2037609248957,"Latencies, Compute"
412,983,32,"(512,)","(32,)",16,0.0002721607513786765,44.06379663213847,"Trip_Count, Latencies"
413,983,32,"(512, 192)","(1, 32)",3072,1.3356056805778952e-05,897.9024403977577,"Latencies, Compute"
414,983,32,"(512,)","(64,)",16,0.0002721607513786765,44.06379663213847,"Trip_Count, Latencies"
415,983,32,"(512, 192)","(1, 64)",3072,1.3356056805778952e-05,897.9024403977577,"Latencies, Compute"
416,983,32,"(512,)","(128,)",16,0.0002721607513786765,44.06379663213847,"Trip_Count, Latencies"
417,983,32,"(512, 192)","(1, 128)",3072,1.3356056805778952e-05,897.9024403977577,"Latencies, Compute"
418,983,32,"(512,)","(256,)",16,0.0002721607513786765,44.06379663213847,"Trip_Count, Latencies"
419,983,32,"(512, 192)","(1, 256)",3072,1.35782666015625e-05,883.2081702254976,"Latencies, Compute"
420,983,32,"(512,)","(512,)",16,0.0002990297380514706,40.10449287801536,"Trip_Count, Latencies"
421,983,32,"(512, 192)","(2, 8)",6144,2.1600062614889703e-05,555.2037609248957,"Latencies, Compute"
422,983,32,"(512, 192)","(2, 16)",3072,1.3356056805778952e-05,897.9024403977577,"Latencies, Compute"
423,983,32,"(512, 192)","(2, 32)",3072,1.3356056805778952e-05,897.9024403977577,"Latencies, Compute"
424,983,32,"(512, 192)","(2, 64)",3072,1.3356056805778952e-05,897.9024403977577,"Latencies, Compute"
425,983,32,"(512, 192)","(2, 128)",3072,1.3356056805778952e-05,897.9024403977577,"Latencies, Compute"
426,983,32,"(512, 192)","(2, 256)",3072,1.35782666015625e-05,883.2081702254976,"Latencies, Compute"
427,983,32,"(512, 192)","(4, 4)",6144,2.1600062614889703e-05,555.2037609248957,"Latencies, Compute"
428,983,32,"(512, 192)","(4, 8)",3072,1.3356056805778952e-05,897.9024403977577,"Latencies, Compute"
429,983,32,"(512, 192)","(4, 16)",3072,1.3356056805778952e-05,897.9024403977577,"Latencies, Compute"
430,983,32,"(512, 192)","(4, 32)",3072,1.3356056805778952e-05,897.9024403977577,"Latencies, Compute"
431,983,32,"(512, 192)","(4, 64)",3072,1.3356056805778952e-05,897.9024403977577,"Latencies, Compute"
432,983,32,"(512, 192)","(4, 128)",3072,1.3356056805778952e-05,897.9024403977577,"Latencies, Compute"
433,983,32,"(512, 192)","(8, 2)",6144,2.1600062614889703e-05,555.2037609248957,"Latencies, Compute"
434,983,32,"(512, 192)","(8, 4)",3072,1.3356056805778952e-05,897.9024403977577,"Latencies, Compute"
435,983,32,"(512, 192)","(8, 8)",3072,1.3356056805778952e-05,897.9024403977577,"Latencies, Compute"
436,983,32,"(512, 192)","(8, 16)",3072,1.3356056805778952e-05,897.9024403977577,"Latencies, Compute"
437,983,32,"(512, 192)","(8, 32)",3072,1.3356056805778952e-05,897.9024403977577,"Latencies, Compute"
438,983,32,"(512, 192)","(8, 64)",3072,1.35782666015625e-05,883.2081702254976,"Latencies, Compute"
439,983,32,"(512, 192)","(16, 1)",6144,2.1600062614889703e-05,555.2037609248957,"Latencies, Compute"
440,983,32,"(512, 192)","(16, 2)",3072,1.3356056805778952e-05,897.9024403977577,"Latencies, Compute"
441,983,32,"(512, 192)","(16, 4)",3072,1.3356056805778952e-05,897.9024403977577,"Latencies, Compute"
442,983,32,"(512, 192)","(16, 8)",3072,1.3356056805778952e-05,897.9024403977577,"Latencies, Compute"
443,983,32,"(512, 192)","(16, 16)",3072,1.3356056805778952e-05,897.9024403977577,"Latencies, Compute"
444,983,32,"(512, 192)","(16, 32)",3072,1.35782666015625e-05,883.2081702254976,"Latencies, Compute"
445,983,32,"(512, 192)","(32, 1)",3072,1.3356056805778952e-05,897.9024403977577,"Latencies, Compute"
446,983,32,"(512, 192)","(32, 2)",3072,1.3356056805778952e-05,897.9024403977577,"Latencies, Compute"
447,983,32,"(512, 192)","(32, 4)",3072,1.3356056805778952e-05,897.9024403977577,"Latencies, Compute"
448,983,32,"(512, 192)","(32, 8)",3072,1.3356056805778952e-05,897.9024403977577,"Latencies, Compute"
449,983,32,"(512, 192)","(32, 16)",3072,1.35782666015625e-05,883.2081702254976,"Latencies, Compute"
450,983,32,"(512, 192)","(64, 1)",3072,1.3356056805778952e-05,897.9024403977577,"Latencies, Compute"
451,983,32,"(512, 192)","(64, 2)",3072,1.3356056805778952e-05,897.9024403977577,"Latencies, Compute"
452,983,32,"(512, 192)","(64, 4)",3072,1.3356056805778952e-05,897.9024403977577,"Latencies, Compute"
453,983,32,"(512, 192)","(64, 8)",3072,1.35782666015625e-05,883.2081702254976,"Latencies, Compute"
454,983,32,"(512, 192)","(128, 1)",3072,1.3356056805778952e-05,897.9024403977577,"Latencies, Compute"
455,983,32,"(512, 192)","(128, 2)",3072,1.3356056805778952e-05,897.9024403977577,"Latencies, Compute"
456,983,32,"(512, 192)","(128, 4)",3072,1.35782666015625e-05,883.2081702254976,"Latencies, Compute"
457,983,32,"(512, 192)","(256, 1)",3072,1.3356056805778952e-05,897.9024403977577,"Latencies, Compute"
458,983,32,"(512, 192)","(256, 2)",3072,1.35782666015625e-05,883.2081702254976,"Latencies, Compute"
459,983,32,"(512, 192)","(512, 1)",3072,1.35782666015625e-05,883.2081702254976,"Latencies, Compute"
460,824,16,"(192,)","(16,)",12,0.01349873159007353,0.8884120644949186,"Launch_Tax, Trip_Count, Latencies"
461,824,16,"(192,)","(32,)",12,0.01349873159007353,0.8884120644949186,"Launch_Tax, Trip_Count, Latencies"
462,824,16,"(192,)","(64,)",12,0.01349873159007353,0.8884120644949186,"Launch_Tax, Trip_Count, Latencies"
463,824,16,"(192,)","(128,)",12,0.01349873159007353,0.8884120644949186,"Launch_Tax, Trip_Count, Latencies"
464,824,16,"(192,)","(256,)",12,0.013534534944852942,0.8860619185560279,"Launch_Tax, Trip_Count, Latencies"
465,824,32,"(192,)","(16,)",12,0.013534534944852942,0.8860619185560279,"Launch_Tax, Trip_Count, Latencies"
466,824,32,"(192,)","(32,)",6,0.013534534944852942,0.8860619185560279,"Launch_Tax, Trip_Count, Latencies"
467,824,32,"(192,)","(64,)",6,0.013534534944852942,0.8860619185560279,"Launch_Tax, Trip_Count, Latencies"
468,824,32,"(192,)","(128,)",6,0.013534534944852942,0.8860619185560279,"Launch_Tax, Trip_Count, Latencies"
469,824,32,"(192,)","(256,)",6,0.013534534944852942,0.8860619185560279,"Launch_Tax, Trip_Count, Latencies"
470,824,16,"(192,)","(16,)",12,0.01349873159007353,0.8884120644949186,"Launch_Tax, Trip_Count, Latencies"
471,824,16,"(192,)","(32,)",12,0.01349873159007353,0.8884120644949186,"Launch_Tax, Trip_Count, Latencies"
472,824,16,"(192,)","(64,)",12,0.01349873159007353,0.8884120644949186,"Launch_Tax, Trip_Count, Latencies"
473,824,16,"(192,)","(128,)",12,0.01349873159007353,0.8884120644949186,"Launch_Tax, Trip_Count, Latencies"
474,824,16,"(192,)","(256,)",12,0.013534534944852942,0.8860619185560279,"Launch_Tax, Trip_Count, Latencies"
475,824,32,"(192,)","(16,)",12,0.013534534944852942,0.8860619185560279,"Launch_Tax, Trip_Count, Latencies"
476,824,32,"(192,)","(32,)",6,0.013534534944852942,0.8860619185560279,"Launch_Tax, Trip_Count, Latencies"
477,824,32,"(192,)","(64,)",6,0.013534534944852942,0.8860619185560279,"Launch_Tax, Trip_Count, Latencies"
478,824,32,"(192,)","(128,)",6,0.013534534944852942,0.8860619185560279,"Launch_Tax, Trip_Count, Latencies"
479,824,32,"(192,)","(256,)",6,0.013534534944852942,0.8860619185560279,"Launch_Tax, Trip_Count, Latencies"
480,986,16,"(1533,)","(16,)",96,0.003499634117647059,3.4267685126075365,"Launch_Tax, Trip_Count, Latencies"
481,986,16,"(1533,)","(32,)",96,0.003499634117647059,3.4267685126075365,"Launch_Tax, Trip_Count, Latencies"
482,986,16,"(1533,)","(64,)",96,0.003499634117647059,3.4267685126075365,"Launch_Tax, Trip_Count, Latencies"
483,986,16,"(1533,)","(128,)",96,0.003499634117647059,3.4267685126075365,"Launch_Tax, Trip_Count, Latencies"
484,986,16,"(1533,)","(256,)",96,0.0035016782352941178,3.424768123788711,"Launch_Tax, Trip_Count, Latencies"
485,986,16,"(1533,)","(512,)",96,0.0035057664705882355,3.4207743443868868,"Launch_Tax, Trip_Count, Latencies"
486,986,32,"(1533,)","(16,)",96,0.0035016782352941178,3.424768123788711,"Launch_Tax, Trip_Count, Latencies"
487,986,32,"(1533,)","(32,)",48,0.0035016782352941178,3.424768123788711,"Launch_Tax, Trip_Count, Latencies"
488,986,32,"(1533,)","(64,)",48,0.0035016782352941178,3.424768123788711,"Launch_Tax, Trip_Count, Latencies"
489,986,32,"(1533,)","(128,)",48,0.0035016782352941178,3.424768123788711,"Launch_Tax, Trip_Count, Latencies"
490,986,32,"(1533,)","(256,)",48,0.0035016782352941178,3.424768123788711,"Launch_Tax, Trip_Count, Latencies"
491,986,32,"(1533,)","(512,)",48,0.0035057664705882355,3.4207743443868868,"Launch_Tax, Trip_Count, Latencies"
492,986,16,"(1533,)","(16,)",96,0.003499634117647059,3.4267685126075365,"Launch_Tax, Trip_Count, Latencies"
493,986,16,"(1533,)","(32,)",96,0.003499634117647059,3.4267685126075365,"Launch_Tax, Trip_Count, Latencies"
494,986,16,"(1533,)","(64,)",96,0.003499634117647059,3.4267685126075365,"Launch_Tax, Trip_Count, Latencies"
495,986,16,"(1533,)","(128,)",96,0.003499634117647059,3.4267685126075365,"Launch_Tax, Trip_Count, Latencies"
496,986,16,"(1533,)","(256,)",96,0.0035016782352941178,3.424768123788711,"Launch_Tax, Trip_Count, Latencies"
497,986,16,"(1533,)","(512,)",96,0.0035057664705882355,3.4207743443868868,"Launch_Tax, Trip_Count, Latencies"
498,986,32,"(1533,)","(16,)",96,0.0035016782352941178,3.424768123788711,"Launch_Tax, Trip_Count, Latencies"
499,986,32,"(1533,)","(32,)",48,0.0035016782352941178,3.424768123788711,"Launch_Tax, Trip_Count, Latencies"
500,986,32,"(1533,)","(64,)",48,0.0035016782352941178,3.424768123788711,"Launch_Tax, Trip_Count, Latencies"
501,986,32,"(1533,)","(128,)",48,0.0035016782352941178,3.424768123788711,"Launch_Tax, Trip_Count, Latencies"
502,986,32,"(1533,)","(256,)",48,0.0035016782352941178,3.424768123788711,"Launch_Tax, Trip_Count, Latencies"
503,986,32,"(1533,)","(512,)",48,0.0035057664705882355,3.4207743443868868,"Launch_Tax, Trip_Count, Latencies"
504,827,16,"(48629,)","(16,)",3040,1.3771920607110032e-05,580.8384631458172,"Launch_Tax, Latencies, L1_BW"
505,827,16,"(48629,)","(32,)",3040,1.3771920607110032e-05,580.8384631458172,"Launch_Tax, Latencies, L1_BW"
506,827,16,"(48629,)","(64,)",3040,1.3771920607110032e-05,580.8384631458172,"Launch_Tax, Latencies, L1_BW"
507,827,16,"(48629,)","(128,)",3040,1.3771920607110032e-05,580.8384631458172,"Launch_Tax, Latencies, L1_BW"
508,827,16,"(48629,)","(256,)",3040,1.3771920607110032e-05,580.8384631458172,"Launch_Tax, Latencies, L1_BW"
509,827,16,"(48629,)","(512,)",3040,1.3771920607110032e-05,580.8384631458172,"Launch_Tax, Latencies, L1_BW"
510,827,32,"(48629,)","(16,)",3040,1.3771920607110032e-05,580.8384631458172,"Launch_Tax, Latencies, L1_BW"
511,827,32,"(48629,)","(32,)",1520,1.3771920607110032e-05,580.8384631458172,"Launch_Tax, Latencies, L1_BW"
512,827,32,"(48629,)","(64,)",1520,1.3771920607110032e-05,580.8384631458172,"Launch_Tax, Latencies, L1_BW"
513,827,32,"(48629,)","(128,)",1520,1.3771920607110032e-05,580.8384631458172,"Launch_Tax, Latencies, L1_BW"
514,827,32,"(48629,)","(256,)",1520,1.3771920607110032e-05,580.8384631458172,"Launch_Tax, Latencies, L1_BW"
515,827,32,"(48629,)","(512,)",1520,1.3771920607110032e-05,580.8384631458172,"Launch_Tax, Latencies, L1_BW"
516,827,16,"(48629,)","(16,)",3040,1.3771920607110032e-05,580.8384631458172,"Launch_Tax, Latencies, L1_BW"
517,827,16,"(48629,)","(32,)",3040,1.3771920607110032e-05,580.8384631458172,"Launch_Tax, Latencies, L1_BW"
518,827,16,"(48629,)","(64,)",3040,1.3771920607110032e-05,580.8384631458172,"Launch_Tax, Latencies, L1_BW"
519,827,16,"(48629,)","(128,)",3040,1.3771920607110032e-05,580.8384631458172,"Launch_Tax, Latencies, L1_BW"
520,827,16,"(48629,)","(256,)",3040,1.3771920607110032e-05,580.8384631458172,"Launch_Tax, Latencies, L1_BW"
521,827,16,"(48629,)","(512,)",3040,1.3771920607110032e-05,580.8384631458172,"Launch_Tax, Latencies, L1_BW"
522,827,32,"(48629,)","(16,)",3040,1.3771920607110032e-05,580.8384631458172,"Launch_Tax, Latencies, L1_BW"
523,827,32,"(48629,)","(32,)",1520,1.3771920607110032e-05,580.8384631458172,"Launch_Tax, Latencies, L1_BW"
524,827,32,"(48629,)","(64,)",1520,1.3771920607110032e-05,580.8384631458172,"Launch_Tax, Latencies, L1_BW"
525,827,32,"(48629,)","(128,)",1520,1.3771920607110032e-05,580.8384631458172,"Launch_Tax, Latencies, L1_BW"
526,827,32,"(48629,)","(256,)",1520,1.3771920607110032e-05,580.8384631458172,"Launch_Tax, Latencies, L1_BW"
527,827,32,"(48629,)","(512,)",1520,1.3771920607110032e-05,580.8384631458172,"Launch_Tax, Latencies, L1_BW"
